{"cameraMode":{"drawMode":0,"name":"Shaded","section":"Shading Mode"},"sceneLighting":false,"audioPlay":false,"sceneViewState":{"m_AlwaysRefresh":false,"showFog":true,"showSkybox":false,"showFlares":true,"showImageEffects":true,"showParticleSystems":true,"showVisualEffectGraphs":true,"m_FxEnabled":true},"in2DMode":false,"pivot":{"x":0.24907320737838746,"y":0.6738415956497192,"z":-0.2832179069519043},"rotation":{"x":0.007161631248891354,"y":0.99195796251297,"z":-0.10786068439483643,"w":0.06586490571498871},"size":3.982567310333252,"orthographic":false}